<?xml version="1.0"?>
<clocks:power_modes xmlns:clocks="http://apif.freescale.net/schemas/clocks/1.1" xmlns:xsi="http://www.w3.org/2001/XMLSchema-instance" xsi:schemaLocation="http://apif.freescale.net/schemas/clocks/1.1 http://apif.freescale.net/schemas/clocks/1.1/clocks.xsd">
  <power_mode id="HSRUN" type="run" description="High Speed Run"/>
  <power_mode id="RUN" type="run" default="true" description="Normal Run"/>
  <power_mode id="WAIT" type="wait" description="Normal Wait"/>
  <power_mode id="STOP" type="stop" description="Normal Stop"/>
  <power_mode id="PSTOP1" type="stop" description="Partial Stop 1"/>
  <power_mode id="PSTOP2" type="stop" description="Partial Stop 2"/>
  <power_mode id="VLPR" type="run" description="Very Low Power Run"/>
  <power_mode id="VLPW" type="wait" description="Very Low Power Wait"/>
  <power_mode id="VLPS" type="stop" description="Very Low Power Stop"/>
  <power_mode id="LLS" type="stop" description="Low Leakage Stop"/>
  <power_mode id="VLLS3" type="stop" description="Very Low Leakage Stop3"/>
  <power_mode id="VLLS2" type="stop" description="Very Low Leakage Stop2"/>
  <power_mode id="VLLS1" type="stop" description="Very Low Leakage Stop1"/>
  <power_mode id="VLLS0" type="stop" description="Very Low Leakage Stop0"/>
  <power_mode id="BAT" type="other" description="Backup battery only"/>
</clocks:power_modes>