<?xml version="1.0"?>
<part:processor xmlns:part="http://swtools.freescale.net/XSD/processor/2.0" xmlns:xsi="http://www.w3.org/2001/XMLSchema-instance" xsi:schemaLocation="http://swtools.freescale.net/XSD/processor/2.0 http://swtools.freescale.net/XSD/processor/2.0/processor.xsd">
  <basic_facts id="MK66FX1M0xxx18" producer="NXP" family="Kinetis" series="Kinetis K" default_part="MK66FX1M0VLQ18"/>
  <target_products>
    <product>MCUX</product>
  </target_products>
  <enabled_tools>
    <enabled_tool>Pins</enabled_tool>
    <enabled_tool>Clocks</enabled_tool>
    <enabled_tool>Peripherals</enabled_tool>
  </enabled_tools>
</part:processor>