<?xml version="1.0"?>
<peripheralModelInfo:peripherals_model_info xsi:schemaLocation="http://swtools.freescale.net/Pins/PeripheralsModelInfo.xsd http://swtools.freescale.net/XSD/pinsModel/5.0/PeripheralsModelInfo.xsd" xmlns:peripheralModelInfo="http://swtools.freescale.net/Pins/PeripheralsModelInfo.xsd" xmlns:xsi="http://www.w3.org/2001/XMLSchema-instance">
  <configuration_sequence>
    <configuration_step id="init_DMAMUX" peripheral="DMAMUX"/>
    <configuration_step id="init_GPIOA" peripheral="GPIOA"/>
    <configuration_step id="init_GPIOB" peripheral="GPIOB"/>
    <configuration_step id="init_GPIOC" peripheral="GPIOC"/>
    <configuration_step id="init_GPIOD" peripheral="GPIOD"/>
    <configuration_step id="init_GPIOE" peripheral="GPIOE"/>
    <configuration_step id="init_PORTA" peripheral="PORTA"/>
    <configuration_step id="init_PORTB" peripheral="PORTB"/>
    <configuration_step id="init_PORTC" peripheral="PORTC"/>
    <configuration_step id="init_PORTD" peripheral="PORTD"/>
    <configuration_step id="init_PORTE" peripheral="PORTE"/>
    <configuration_step id="init_SIM" peripheral="SIM"/>
  </configuration_sequence>
</peripheralModelInfo:peripherals_model_info>