<?xml version="1.0" encoding= "UTF-8" ?>
<categories:categories xsi:schemaLocation="http://swtools.freescale.net/XSD/categories/1.0 http://swtools.freescale.net/XSD/categories/1.0/categories.xsd" xmlns:categories="http://swtools.freescale.net/XSD/categories/1.0" xmlns:xsi="http://www.w3.org/2001/XMLSchema-instance">
    <category id="Middleware" label="Middleware">
        <description>Configuration components for SDK middleware</description>
    </category>
    <category id="Peripheral driver" label="Peripheral drivers (Device specific)">
        <description>Configuration components for device specific SDK peripheral drivers</description>
    </category>
    <category id="Universal driver" label="Peripheral drivers (Universal)">
        <description>Configuration components for universal SDK peripheral drivers</description>
    </category>
    <category id="Register init" label="Register initialization">
        <description>Configuration components for peripheral register intialization</description>
    </category>
    <category id="Utility" label="Utilities">
        <description>Configuration components for SDK Utilities</description>
    </category>
    <category id="custom_initialization" label="Custom initialization">
        <description>Custom initialization components for peripherals.</description>
    </category>
</categories:categories>