<contents>
	<section name="Peripheral overview" file="index.md">
        <section name="Component overview" file="component.md"/>
        <section name="USB device" file="device.md">
            <section name="Human Interface Device" file="hid.md"/>  
            <section name="Device Firmware Update" file="dfu.md"/>
            <section name="CIC and DIC" file="vcom.md"/>
            <section name="Mass storage class" file="msc.md"/>
            <section name="PHDC" file="phdc.md"/>
            <section name="Printer" file="printer.md"/>
            <section name="Audio" file="audio.md"/>
        </section>
        <section name="USB host" file="host.md">
        </section>
        <section name="Use cases" file="useCases.md">
            <section name="USB device use cases" file="deviceUseCases.md"/>
            <section name="USB host use cases" file="hostUseCases.md"/>
        </section>
    </section>
</contents>
