<?xml version="1.0" encoding="UTF-8"?>
<ksdk:examples xmlns:ksdk="http://nxp.com/ksdk/2.0/ksdk_manifest_v3.0.xsd" xmlns:xsi="http://www.w3.org/2001/XMLSchema-instance" xsi:schemaLocation="http://nxp.com/ksdk/2.0/ksdk_manifest_v3.0.xsd manifest.xsd">
  <externalDefinitions>
    <definition extID="utility.debug_console_lite.MK66F18"/>
    <definition extID="platform.utilities.assert_lite.MK66F18"/>
    <definition extID="platform.drivers.port.MK66F18"/>
    <definition extID="platform.drivers.i2c.MK66F18"/>
    <definition extID="platform.drivers.clock.MK66F18"/>
    <definition extID="platform.drivers.flash.MK66F18"/>
    <definition extID="platform.drivers.common.MK66F18"/>
    <definition extID="device.MK66F18_CMSIS.MK66F18"/>
    <definition extID="component.uart_adapter.MK66F18"/>
    <definition extID="component.lists.MK66F18"/>
    <definition extID="platform.drivers.uart.MK66F18"/>
    <definition extID="device.MK66F18_startup.MK66F18"/>
    <definition extID="platform.drivers.lpuart.MK66F18"/>
    <definition extID="platform.drivers.smc.MK66F18"/>
    <definition extID="platform.drivers.gpio.MK66F18"/>
    <definition extID="platform.Include_core_cm4.MK66F18"/>
    <definition extID="platform.Include_common.MK66F18"/>
    <definition extID="platform.Include_dsp.MK66F18"/>
    <definition extID="platform.utilities.misc_utilities.MK66F18"/>
    <definition extID="device.MK66F18_system.MK66F18"/>
    <definition extID="iar"/>
    <definition extID="mdk"/>
    <definition extID="armgcc"/>
    <definition extID="mcuxpresso"/>
    <definition extID="com.nxp.mcuxpresso"/>
  </externalDefinitions>
  <example id="frdmk66f_i2c_read_accel_value_transfer" name="i2c_read_accel_value_transfer" dependency="utility.debug_console_lite.MK66F18 platform.utilities.assert_lite.MK66F18 platform.drivers.port.MK66F18 platform.drivers.i2c.MK66F18 platform.drivers.clock.MK66F18 platform.drivers.flash.MK66F18 platform.drivers.common.MK66F18 device.MK66F18_CMSIS.MK66F18 component.uart_adapter.MK66F18 component.lists.MK66F18 platform.drivers.uart.MK66F18 device.MK66F18_startup.MK66F18 platform.drivers.lpuart.MK66F18 platform.drivers.smc.MK66F18 platform.drivers.gpio.MK66F18 platform.Include_core_cm4.MK66F18 platform.Include_common.MK66F18 platform.Include_dsp.MK66F18 platform.utilities.misc_utilities.MK66F18 device.MK66F18_system.MK66F18" category="driver_examples/i2c">
    <projects>
      <project type="com.crt.advproject.projecttype.exe" nature="org.eclipse.cdt.core.cnature"/>
    </projects>
    <toolchainSettings>
      <toolchainSetting id_refs="com.nxp.mcuxpresso">
        <option id="gnu.c.compiler.option.preprocessor.def.symbols" type="stringList">
          <value>CPU_MK66FN2M0VMD18</value>
          <value>PRINTF_ADVANCED_ENABLE=1</value>
          <value>FRDM_K66F</value>
          <value>FREEDOM</value>
        </option>
        <option id="com.crt.advproject.gas.fpu" type="enum">
          <value>com.crt.advproject.gas.fpu.fpv4.hard</value>
        </option>
        <option id="com.crt.advproject.gcc.fpu" type="enum">
          <value>com.crt.advproject.gcc.fpu.fpv4.hard</value>
        </option>
        <option id="gnu.c.compiler.option.optimization.flags" type="string">
          <value>-fno-common</value>
        </option>
        <option id="com.crt.advproject.c.misc.dialect" type="enum">
          <value>com.crt.advproject.misc.dialect.gnu99</value>
        </option>
        <option id="gnu.c.compiler.option.misc.other" type="string">
          <value>-c -ffunction-sections -fdata-sections -ffreestanding -fno-builtin</value>
        </option>
        <option id="gnu.c.compiler.option.warnings.allwarn" type="boolean">
          <value>false</value>
        </option>
        <option id="com.crt.advproject.link.fpu" type="enum">
          <value>com.crt.advproject.link.fpu.fpv4.hard</value>
        </option>
        <option id="gnu.c.link.option.nostdlibs" type="boolean">
          <value>true</value>
        </option>
        <option id="com.crt.advproject.link.memory.sections" type="stringList">
          <value>isd=*(NonCacheable.init);region=RAM2;type=.data</value>
          <value>isd=*(NonCacheable);region=RAM2;type=.bss</value>
        </option>
      </toolchainSetting>
    </toolchainSettings>
    <include_paths>
      <include_path path="boards/frdmk66f/driver_examples/i2c/read_accel_value_transfer" project_relative_path="board" type="c_include"/>
      <include_path path="boards/frdmk66f/driver_examples/i2c/read_accel_value_transfer" project_relative_path="frdmk66f/driver_examples/i2c/read_accel_value_transfer" type="c_include"/>
    </include_paths>
    <source path="boards/frdmk66f/driver_examples/i2c/read_accel_value_transfer/iar" project_relative_path="./" type="workspace" toolchain="iar">
      <files mask="i2c_read_accel_value_transfer.ewd"/>
      <files mask="i2c_read_accel_value_transfer.ewp"/>
      <files mask="i2c_read_accel_value_transfer.eww"/>
    </source>
    <source path="boards/frdmk66f/driver_examples/i2c/read_accel_value_transfer/mdk" project_relative_path="./" type="workspace" toolchain="mdk">
      <files mask="i2c_read_accel_value_transfer.uvprojx"/>
      <files mask="i2c_read_accel_value_transfer.uvoptx"/>
      <files mask="i2c_read_accel_value_transfer.uvmpw"/>
    </source>
    <source path="boards/frdmk66f/driver_examples/i2c/read_accel_value_transfer/armgcc" project_relative_path="./" type="workspace" toolchain="armgcc">
      <files mask="build_all.bat"/>
      <files mask="build_all.sh"/>
      <files mask="clean.bat"/>
      <files mask="clean.sh"/>
      <files mask="CMakeLists.txt"/>
      <files mask="flags.cmake"/>
      <files mask="config.cmake"/>
      <files mask="build_debug.bat"/>
      <files mask="build_debug.sh"/>
      <files mask="build_release.bat"/>
      <files mask="build_release.sh"/>
    </source>
    <source path="boards/frdmk66f/driver_examples/i2c/read_accel_value_transfer" project_relative_path="source" type="src">
      <files mask="i2c_read_accel_value_transfer.c"/>
    </source>
    <source path="boards/frdmk66f/driver_examples/i2c/read_accel_value_transfer" project_relative_path="board" type="src">
      <files mask="pin_mux.c"/>
    </source>
    <source path="boards/frdmk66f/driver_examples/i2c/read_accel_value_transfer" project_relative_path="board" type="c_include">
      <files mask="pin_mux.h"/>
    </source>
    <source path="boards/frdmk66f/driver_examples/i2c/read_accel_value_transfer" project_relative_path="board" type="src">
      <files mask="board.c"/>
      <files mask="clock_config.c"/>
    </source>
    <source path="boards/frdmk66f/driver_examples/i2c/read_accel_value_transfer" project_relative_path="board" type="c_include">
      <files mask="board.h"/>
      <files mask="clock_config.h"/>
    </source>
    <source path="boards/frdmk66f/driver_examples/i2c/read_accel_value_transfer" project_relative_path="doc" type="doc" toolchain="iar mdk mcuxpresso armgcc">
      <files mask="readme.txt"/>
    </source>
    <source path="boards/frdmk66f/driver_examples/i2c/read_accel_value_transfer/iar" project_relative_path="MK66F18/iar" type="linker" toolchain="iar">
      <files mask="MK66FN2M0xxx18_flash.icf"/>
    </source>
    <source path="boards/frdmk66f/driver_examples/i2c/read_accel_value_transfer/mdk" project_relative_path="MK66F18/arm" type="linker" toolchain="mdk">
      <files mask="MK66FN2M0xxx18_flash.scf"/>
    </source>
    <source path="boards/frdmk66f/driver_examples/i2c/read_accel_value_transfer/armgcc" project_relative_path="MK66F18/gcc" type="linker" toolchain="armgcc">
      <files mask="MK66FN2M0xxx18_flash.ld"/>
    </source>
  </example>
</ksdk:examples>
